SYMBOL,TRADE_DATE,CLOSE_PRICE,PREV_DATE,PREV_CLOSE
ABREL,2026-10-06,1078.0,2026-10-05,1082.6
ADANIENT,2026-10-06,2849.9,2026-10-05,2864.0
ARTEMISMED,2026-10-07,318.3,2026-10-06,318.35
ASIANPAINT,2026-10-06,2424.2,2026-10-05,2366.0
ATHERENERG,2026-10-06,1446.0,2026-10-05,1409.9
AXISBANK,2026-10-06,1248.0,2026-10-05,1222.2
BAJFINANCE,2026-10-06,963.1,2026-10-05,970.0
BSE,2026-10-06,3305.0,2026-10-05,3179.6
COFORGE,2026-10-06,1849.7,2026-10-05,1852.0
CRAMC,2026-10-06,224.88,2026-10-05,220.23
DIXON,2026-10-06,13015.0,2026-10-05,12748.0
EICHERMOT,2026-10-06,7051.0,2026-10-05,7021.5
GODREJPROP,2026-10-06,1610.0,2026-10-05,1599.9
HCLTECH,2026-10-06,1204.4,2026-10-05,1201.9
HDFCBANK,2026-10-06,711.45,2026-10-05,704.8
HINDUNILVR,2026-10-06,1895.2,2026-10-05,1838.4
HINDZINC,2026-10-06,557.65,2026-10-05,560.95
ICICIBANK,2026-10-06,1342.8,2026-10-05,1332.0
IEX,2026-10-06,104.86,2026-10-05,104.3
INDHOTEL,2026-10-06,736.0,2026-10-05,725.0
INDUSTOWER,2026-10-06,389.1,2026-10-05,380.2
INFY,2026-10-06,1013.85,2026-10-05,1020.5
ITC,2026-10-06,266.7,2026-10-05,268.9
IVZINGOLD,2026-10-05,128.2,2026-10-02,128.0
JUNIORBEES,2026-10-05,748.46,2026-10-02,747.52
KOTAKBANK,2026-10-06,431.9,2026-10-05,416.0
LT,2026-10-06,3770.0,2026-10-05,3750.0
LTM,2026-10-06,3971.1,2026-10-05,4010.0
MARUTI,2026-10-06,11625.0,2026-10-05,11532.0
MON100,2026-10-05,325.35,2026-10-02,321.46
NAM_INDIA,2026-10-06,1073.5,2026-10-05,1061.0
NTPC,2026-10-06,321.45,2026-10-05,321.8
ONGC,2026-10-06,224.2,2026-10-05,224.9
PERSISTENT,2026-10-06,5521.0,2026-10-05,5530.0
POWERGRID,2026-10-06,257.2,2026-10-05,257.0
RADICO,2026-10-06,4460.1,2026-10-05,4289.1
RELIANCE,2026-10-06,1218.0,2026-10-05,1186.4
SBIN,2026-10-06,958.75,2026-10-05,958.0
SHRIRAMPPS,2026-10-06,68.13,2026-10-05,67.52
SUNPHARMA,2026-10-06,1804.1,2026-10-05,1779.7
TATAPOWER,2026-10-06,351.65,2026-10-05,351.5
TATASTEEL,2026-10-06,178.69,2026-10-05,178.14
TATSILV,2026-10-07,21.21,2026-10-06,21.4
TCS,2026-10-06,2100.0,2026-10-05,2114.4
TITAN,2026-10-06,4550.0,2026-10-05,4580.0
TMPV,2026-10-06,285.8,2026-10-05,288.65
VEDL,2026-10-06,265.6,2026-10-05,255.05
WIPRO,2026-10-06,161.84,2026-10-05,162.14
YESBANK,2026-10-06,20.86,2026-10-05,21.06
